{
  "app": "Spending Report & Analysis System",
  "version": "2.0",
  "date_built": "February 13, 2026",
  "platform": "macOS",
  "size_mb": 25.7,
  "files_included": [
    "Spending-Report-System (executable)",
    "README.txt (main guide)",
    "SETUP_GUIDE.txt (step-by-step)",
    "QUICK_REFERENCE.txt (quick help)",
    "SYSTEM_REQUIREMENTS.txt (system specs)"
  ],
  "features": [
    "Spending report generation (Excel)",
    "Automatic transaction categorization",
    "Natural language queries (optional AI)",
    "Custom category creation",
    "Transaction rule management",
    "Category hierarchy",
    "Rule export/backup"
  ],
  "requirements": {
    "os": "macOS 10.13+",
    "ram_mb": 500,
    "disk_space_gb": 2
  }
}